country,year,gov_effectivness
Aruba,2010,1.2514883279800415
Andorra,2010,1.5177723169326782
Afghanistan,2010,-1.4546111822128296
Angola,2010,-1.1178616285324097
Anguilla,2010,1.5177723169326782
Albania,2010,-0.28281435370445251
Netherlands Antilles (former),2010,0.7489696741104126
United Arab Emirates,2010,0.89777016639709473
Argentina,2010,-0.16286227107048035
Armenia,2010,-0.183913454413414
American Samoa,2010,0.49270212650299072
Antigua and Barbuda,2010,0.49270212650299072
Australia,2010,1.7684675455093384
Austria,2010,1.8176010847091675
Azerbaijan,2010,-0.80693453550338745
Burundi,2010,-1.1009125709533691
Belgium,2010,1.6592772006988525
Benin,2010,-0.59471255540847778
Burkina Faso,2010,-0.56887322664260864
Bangladesh,2010,-0.73564070463180542
Bulgaria,2010,0.045724015682935715
Bahrain,2010,0.45679640769958496
"Bahamas, The",2010,1.0755352973937988
Bosnia and Herzegovina,2010,-0.7410779595375061
Belarus,2010,-1.1141331195831299
Belize,2010,-0.4301307201385498
Bermuda,2010,1.0052372217178345
Bolivia,2010,-0.50234496593475342
Brazil,2010,-0.035427745431661606
Barbados,2010,1.4114298820495605
Brunei Darussalam,2010,0.90170234441757202
Bhutan,2010,0.58449763059616089
South Sudan,2010,NA
Botswana,2010,0.44721135497093201
Central African Republic,2010,-1.3876786231994629
Canada,2010,1.7829040288925171
Switzerland,2010,1.8760437965393066
Chile,2010,1.2722971439361572
China,2010,0.088548272848129272
Côte d'Ivoire,2010,-1.2855901718139648
Cameroon,2010,-0.89006280899047852
"Congo, Rep.",2010,-1.2276856899261475
Cook Islands,2010,-1.0114240646362305
Colombia,2010,-0.059322237968444824
Comoros,2010,-1.7429583072662354
Cape Verde,2010,-0.016015380620956421
Costa Rica,2010,0.30801188945770264
Cuba,2010,-0.36147892475128174
Cayman Islands,2010,1.2514883279800415
Cyprus,2010,1.5315684080123901
Czech Republic,2010,0.91255146265029907
Germany,2010,1.5207501649856567
Djibouti,2010,-0.9720800518989563
Dominica,2010,0.64974594116210938
Denmark,2010,2.1051733493804932
Dominican Republic,2010,-0.64356237649917603
Algeria,2010,-0.4795784056186676
Ecuador,2010,-0.71660864353179932
"Egypt, Arab Rep.",2010,-0.37063091993331909
Eritrea,2010,-1.357124924659729
Spain,2010,0.94798493385314941
Estonia,2010,1.0854885578155518
Ethiopia,2010,-0.43227219581604004
Finland,2010,2.2289996147155762
Fiji,2010,-0.72424817085266113
France,2010,1.4677132368087769
"Micronesia, Fed. Sts.",2010,-0.8025251030921936
Gabon,2010,-0.77215278148651123
United Kingdom,2010,1.6230620145797729
Georgia,2010,0.30913463234901428
Ghana,2010,-0.037971928715705872
Guinea,2010,-1.1089473962783813
"Gambia, The",2010,-0.67882841825485229
Guinea-Bissau,2010,-1.0294814109802246
Equatorial Guinea,2010,-1.6795201301574707
Greece,2010,0.49788779020309448
Grenada,2010,0.17586268484592438
Greenland,2010,1.0171618461608887
Guatemala,2010,-0.69800740480422974
French Guiana,2010,1.2125294208526611
Guam,2010,-0.019832933321595192
Guyana,2010,-0.10630571842193604
"Hong Kong SAR, China",2010,1.6804263591766357
Honduras,2010,-0.64170598983764648
Croatia,2010,0.62216055393218994
Haiti,2010,-1.629111647605896
Hungary,2010,0.65873211622238159
Indonesia,2010,-0.21437166631221771
India,2010,0.025897327810525894
Ireland,2010,1.3493465185165405
"Iran, Islamic Rep.",2010,-0.47883892059326172
Iraq,2010,-1.1970469951629639
Iceland,2010,1.5854636430740356
Israel,2010,1.3912750482559204
Italy,2010,0.47227334976196289
Jamaica,2010,0.21527434885501862
Jordan,2010,0.10358238965272903
Japan,2010,1.5274077653884888
Kazakhstan,2010,-0.43614462018013
Kenya,2010,-0.5571368932723999
Kyrgyz Republic,2010,-0.6517149806022644
Cambodia,2010,-0.94297373294830322
Kiribati,2010,-0.85045802593231201
St. Kitts and Nevis,2010,0.71190100908279419
"Korea, Rep.",2010,1.2044392824172974
Kuwait,2010,0.16852477192878723
Lao PDR,2010,-0.86001557111740112
Lebanon,2010,-0.27928882837295532
Liberia,2010,-1.2770326137542725
Libya,2010,-1.0971866846084595
St. Lucia,2010,0.80330842733383179
Liechtenstein,2010,1.7832187414169312
Sri Lanka,2010,-0.19507479667663574
Lesotho,2010,-0.31218406558036804
Lithuania,2010,0.74307996034622192
Luxembourg,2010,1.7214903831481934
Latvia,2010,0.70864015817642212
Kosovo,2010,-0.58358544111251831
"Macao SAR, China",2010,1.3552016019821167
Morocco,2010,-0.10424162447452545
Monaco,2010,NA
Moldova,2010,-0.66262638568878174
Madagascar,2010,-0.95961958169937134
Maldives,2010,-0.20719830691814423
Mexico,2010,0.16232118010520935
Marshall Islands,2010,-1.2811969518661499
North Macedonia,2010,-0.090045809745788574
Mali,2010,-0.86433005332946777
Malta,2010,1.1925034523010254
Myanmar,2010,-1.6178098917007446
Mongolia,2010,-0.57200103998184204
Montenegro,2010,0.090053282678127289
Mozambique,2010,-0.58260637521743774
Mauritania,2010,-0.9706646203994751
Martinique,2010,0.7489696741104126
Mauritius,2010,0.86568820476531982
Malawi,2010,-0.41072529554367065
Malaysia,2010,1.1203020811080933
Namibia,2010,0.066020779311656952
Niger,2010,-0.65929496288299561
Nigeria,2010,-1.1650983095169067
Nicaragua,2010,-0.96218252182006836
Niue,2010,-1.0114240646362305
Netherlands,2010,1.775403618812561
Norway,2010,1.8786273002624512
Nepal,2010,-0.87353819608688354
Nauru,2010,-0.55998033285140991
New Zealand,2010,1.8164044618606567
Oman,2010,0.37772181630134583
Pakistan,2010,-0.76586371660232544
Panama,2010,0.13711927831172943
Palau,2010,-0.84929955005645752
Peru,2010,-0.19123983383178711
Philippines,2010,0.0014643474714830518
Papua New Guinea,2010,-0.71856564283370972
Poland,2010,0.62780630588531494
Puerto Rico,2010,0.32800909876823425
"Korea, Dem. Rep.",2010,-1.866161584854126
Portugal,2010,0.986488938331604
Paraguay,2010,-0.93236792087554932
Qatar,2010,0.84499865770339966
Réunion,2010,1.0052372217178345
Romania,2010,-0.14058499038219452
Russian Federation,2010,-0.46884942054748535
Rwanda,2010,-0.054377324879169464
Samoa,2010,-0.039104785770177841
Saudi Arabia,2010,-0.0070120743475854397
Sudan,2010,-1.3437250852584839
Senegal,2010,-0.57995975017547607
Singapore,2010,2.2410652637481689
Solomon Islands,2010,-0.9544447660446167
Sierra Leone,2010,-1.2156945466995239
El Salvador,2010,0.0073266532272100449
San Marino,2010,NA
Somalia,2010,-2.2079603672027588
São Tomé and Principe,2010,-0.79415422677993774
Suriname,2010,-0.1037970706820488
Slovak Republic,2010,0.78886723518371582
Slovenia,2010,1.0262353420257568
Sweden,2010,1.9677122831344604
Eswatini,2010,-0.53826910257339478
Seychelles,2010,0.2026287168264389
Syrian Arab Republic,2010,-0.60511618852615356
Chad,2010,-1.466228723526001
Togo,2010,-1.389122486114502
Thailand,2010,0.18764908611774445
Tajikistan,2010,-0.91842126846313477
Turkmenistan,2010,-1.5634453296661377
Timor-Leste,2010,-1.224390983581543
Tonga,2010,-0.31726038455963135
Trinidad and Tobago,2010,0.26636770367622375
Tunisia,2010,0.21831072866916656
Turkey,2010,0.29484733939170837
Tuvalu,2010,-0.48735755681991577
"Taiwan, China",2010,1.1760485172271729
Tanzania,2010,-0.59750044345855713
Uganda,2010,-0.52508711814880371
Ukraine,2010,-0.78471165895462036
Uruguay,2010,0.62679600715637207
United States,2010,1.5573313236236572
Uzbekistan,2010,-0.71379572153091431
St. Vincent and the Grenadines,2010,0.71190100908279419
"Venezuela, RB",2010,-1.11188805103302
Virgin Islands (U.S.),2010,1.2615047693252563
Vietnam,2010,-0.25919926166534424
Vanuatu,2010,-0.27237251400947571
West Bank and Gaza,2010,-0.36881959438323975
"Jersey, Channel Islands",2010,NA
"Yemen, Rep.",2010,-1.0177929401397705
Serbia,2010,-0.046071551740169525
South Africa,2010,0.39200654625892639
"Congo, Dem. Rep.",2010,-1.7355406284332275
Zambia,2010,-0.85088235139846802
Zimbabwe,2010,-1.5119073390960693
Aruba,2011,1.2420212030410767
Andorra,2011,1.5045642852783203
Afghanistan,2011,-1.4484438896179199
Angola,2011,-1.1535286903381348
Anguilla,2011,1.5045642852783203
Albania,2011,-0.20823411643505096
Netherlands Antilles (former),2011,0.74125242233276367
United Arab Emirates,2011,1.0551636219024658
Argentina,2011,-0.12008831650018692
Armenia,2011,-0.12899057567119598
American Samoa,2011,0.48681515455245972
Antigua and Barbuda,2011,0.48681515455245972
Australia,2011,1.6958140134811401
Austria,2011,1.6085448265075684
Azerbaijan,2011,-0.76514357328414917
Burundi,2011,-1.0632071495056152
Belgium,2011,1.7291580438613892
Benin,2011,-0.54590445756912231
Burkina Faso,2011,-0.55905306339263916
Bangladesh,2011,-0.75521081686019897
Bulgaria,2011,0.041507259011268616
Bahrain,2011,0.52059829235076904
"Bahamas, The",2011,0.97999048233032227
Bosnia and Herzegovina,2011,-0.74324500560760498
Belarus,2011,-1.0777847766876221
Belize,2011,-0.3809867799282074
Bermuda,2011,0.9956897497177124
Bolivia,2011,-0.47250905632972717
Brazil,2011,-0.11657898128032684
Barbados,2011,1.4707703590393066
Brunei Darussalam,2011,0.89693212509155273
Bhutan,2011,0.6325497031211853
South Sudan,2011,-1.8823221921920776
Botswana,2011,0.46051806211471558
Central African Republic,2011,-1.2823315858840942
Canada,2011,1.778236985206604
Switzerland,2011,1.8673515319824219
Chile,2011,1.2474871873855591
China,2011,0.088157422840595245
Côte d'Ivoire,2011,-1.1550037860870361
Cameroon,2011,-0.89004737138748169
"Congo, Rep.",2011,-1.1952559947967529
Cook Islands,2011,-0.97305452823638916
Colombia,2011,0.0388379767537117
Comoros,2011,-1.7604435682296753
Cape Verde,2011,0.15459959208965302
Costa Rica,2011,0.33809554576873779
Cuba,2011,-0.3754061758518219
Cayman Islands,2011,1.2420212030410767
Cyprus,2011,1.5635397434234619
Czech Republic,2011,0.93431413173675537
Germany,2011,1.5057792663574219
Djibouti,2011,-0.94786906242370605
Dominica,2011,0.60356771945953369
Denmark,2011,2.106827974319458
Dominican Republic,2011,-0.59070658683776855
Algeria,2011,-0.56462228298187256
Ecuador,2011,-0.58142507076263428
"Egypt, Arab Rep.",2011,-0.56838494539260864
Eritrea,2011,-1.4115349054336548
Spain,2011,0.97794270515441895
Estonia,2011,1.0766361951828003
Ethiopia,2011,-0.48417308926582336
Finland,2011,2.2409706115722656
Fiji,2011,-0.7061992883682251
France,2011,1.3979268074035645
"Micronesia, Fed. Sts.",2011,-0.75498479604721069
Gabon,2011,-0.79503190517425537
United Kingdom,2011,1.6098544597625732
Georgia,2011,0.55359315872192383
Ghana,2011,-0.050489924848079681
Guinea,2011,-1.1231772899627686
"Gambia, The",2011,-0.6078295111656189
Guinea-Bissau,2011,-1.0286884307861328
Equatorial Guinea,2011,-1.6332520246505737
Greece,2011,0.45739725232124329
Grenada,2011,0.22780555486679077
Greenland,2011,1.0065813064575195
Guatemala,2011,-0.69786918163299561
French Guiana,2011,1.1856511831283569
Guam,2011,-0.022059444338083267
Guyana,2011,-0.081799305975437164
"Hong Kong SAR, China",2011,1.6506359577178955
Honduras,2011,-0.53539252281188965
Croatia,2011,0.56118106842041016
Haiti,2011,-1.6732611656188965
Hungary,2011,0.66474020481109619
Indonesia,2011,-0.25944840908050537
India,2011,0.0059227761812508106
Ireland,2011,1.4557830095291138
"Iran, Islamic Rep.",2011,-0.43301290273666382
Iraq,2011,-1.1306493282318115
Iceland,2011,1.5831307172775269
Israel,2011,1.3424063920974731
Italy,2011,0.40891355276107788
Jamaica,2011,0.22332042455673218
Jordan,2011,0.088174976408481598
Japan,2011,1.4725468158721924
Kazakhstan,2011,-0.40985420346260071
Kenya,2011,-0.56656730175018311
Kyrgyz Republic,2011,-0.63798731565475464
Cambodia,2011,-0.86273866891860962
Kiribati,2011,-0.77640664577484131
St. Kitts and Nevis,2011,0.763416588306427
"Korea, Rep.",2011,1.252658486366272
Kuwait,2011,0.024540331214666367
Lao PDR,2011,-0.83384066820144653
Lebanon,2011,-0.26609614491462708
Liberia,2011,-1.2509868144989014
Libya,2011,-1.3122525215148926
St. Lucia,2011,0.85106891393661499
Liechtenstein,2011,1.7701849937438965
Sri Lanka,2011,-0.11146461963653564
Lesotho,2011,-0.30931243300437927
Lithuania,2011,0.7037198543548584
Luxembourg,2011,1.748344898223877
Latvia,2011,0.6980593204498291
Kosovo,2011,-0.46349698305130005
"Macao SAR, China",2011,1.331784725189209
Morocco,2011,-0.15167234838008881
Monaco,2011,NA
Moldova,2011,-0.61826169490814209
Madagascar,2011,-1.0324009656906128
Maldives,2011,-0.30593949556350708
Mexico,2011,0.30782106518745422
Marshall Islands,2011,-1.4618699550628662
North Macedonia,2011,-0.10772130638360977
Mali,2011,-0.82228851318359375
Malta,2011,1.1952331066131592
Myanmar,2011,-1.5967824459075928
Mongolia,2011,-0.5857347846031189
Montenegro,2011,0.098371289670467377
Mozambique,2011,-0.63941407203674316
Mauritania,2011,-0.94954007863998413
Martinique,2011,0.74125242233276367
Mauritius,2011,0.87333714962005615
Malawi,2011,-0.42540666460990906
Malaysia,2011,1.0210657119750977
Namibia,2011,0.054020285606384277
Niger,2011,-0.6225544810295105
Nigeria,2011,-1.0961518287658691
Nicaragua,2011,-0.90138864517211914
Niue,2011,-0.97305452823638916
Netherlands,2011,1.8266977071762085
Norway,2011,1.8374149799346924
Nepal,2011,-0.90254271030426025
Nauru,2011,-0.57768940925598145
New Zealand,2011,1.8774158954620361
Oman,2011,0.25116690993309021
Pakistan,2011,-0.81789302825927734
Panama,2011,0.085773095488548279
Palau,2011,-0.57768940925598145
Peru,2011,-0.15721814334392548
Philippines,2011,0.090260811150074005
Papua New Guinea,2011,-0.71111148595809937
Poland,2011,0.60738140344619751
Puerto Rico,2011,0.33949723839759827
"Korea, Dem. Rep.",2011,-1.8712071180343628
Portugal,2011,0.92677760124206543
Paraguay,2011,-0.84449833631515503
Qatar,2011,0.75392299890518188
Réunion,2011,0.9956897497177124
Romania,2011,-0.20618189871311188
Russian Federation,2011,-0.4707774817943573
Rwanda,2011,0.07036244124174118
Samoa,2011,-0.0094810733571648598
Saudi Arabia,2011,-0.30302858352661133
Sudan,2011,-1.3766357898712158
Senegal,2011,-0.49638515710830688
Singapore,2011,2.15462327003479
Solomon Islands,2011,-0.86465132236480713
Sierra Leone,2011,-1.1921284198760986
El Salvador,2011,-0.10293041914701462
San Marino,2011,NA
Somalia,2011,-2.1405999660491943
São Tomé and Principe,2011,-0.70206707715988159
Suriname,2011,-0.11854912340641022
Slovak Republic,2011,0.78461503982543945
Slovenia,2011,0.98941582441329956
Sweden,2011,1.9309179782867432
Eswatini,2011,-0.68322575092315674
Seychelles,2011,0.27567824721336365
Syrian Arab Republic,2011,-0.50477683544158936
Chad,2011,-1.3704980611801147
Togo,2011,-1.366560697555542
Thailand,2011,0.20580266416072845
Tajikistan,2011,-0.94826364517211914
Turkmenistan,2011,-1.6038109064102173
Timor-Leste,2011,-1.1535611152648926
Tonga,2011,-0.36367404460906982
Trinidad and Tobago,2011,0.32476115226745605
Tunisia,2011,0.022600298747420311
Turkey,2011,0.3485771119594574
Tuvalu,2011,-0.79503190517425537
"Taiwan, China",2011,1.1471942663192749
Tanzania,2011,-0.65161585807800293
Uganda,2011,-0.51559066772460938
Ukraine,2011,-0.82411986589431763
Uruguay,2011,0.55367273092269897
United States,2011,1.5194413661956787
Uzbekistan,2011,-0.68503570556640625
St. Vincent and the Grenadines,2011,0.763416588306427
"Venezuela, RB",2011,-1.1908614635467529
Virgin Islands (U.S.),2011,1.2501270771026611
Vietnam,2011,-0.23253296315670013
Vanuatu,2011,-0.24370202422142029
West Bank and Gaza,2011,-0.59290772676467896
"Jersey, Channel Islands",2011,1.4552611112594604
"Yemen, Rep.",2011,-1.1468789577484131
Serbia,2011,-0.08985978364944458
South Africa,2011,0.4052889347076416
"Congo, Dem. Rep.",2011,-1.6792399883270264
Zambia,2011,-0.65944164991378784
Zimbabwe,2011,-1.3715571165084839
Aruba,2012,1.2545938491821289
Andorra,2012,1.531208872795105
Afghanistan,2012,-1.3601958751678467
Angola,2012,-0.98969954252243042
Anguilla,2012,1.531208872795105
Albania,2012,-0.26789012551307678
Netherlands Antilles (former),2012,0.74719208478927612
United Arab Emirates,2012,1.1494752168655396
Argentina,2012,-0.23866654932498932
Armenia,2012,-0.042368825525045395
American Samoa,2012,0.48585319519042969
Antigua and Barbuda,2012,0.48585319519042969
Australia,2012,1.6212904453277588
Austria,2012,1.568166971206665
Azerbaijan,2012,-0.78271442651748657
Burundi,2012,-1.3201606273651123
Belgium,2012,1.6794964075088501
Benin,2012,-0.5153699517250061
Burkina Faso,2012,-0.62406826019287109
Bangladesh,2012,-0.80423897504806519
Bulgaria,2012,0.071768812835216522
Bahrain,2012,0.54964321851730347
"Bahamas, The",2012,0.98944699764251709
Bosnia and Herzegovina,2012,-0.45734566450119019
Belarus,2012,-0.90169745683670044
Belize,2012,-0.32477864623069763
Bermuda,2012,1.0085309743881226
Bolivia,2012,-0.36875885725021362
Brazil,2012,-0.12826821208000183
Barbados,2012,1.4620317220687866
Brunei Darussalam,2012,0.84340006113052368
Bhutan,2012,0.51249784231185913
South Sudan,2012,-1.5847858190536499
Botswana,2012,0.48209887742996216
Central African Republic,2012,-1.4485825300216675
Canada,2012,1.7655589580535889
Switzerland,2012,1.8918043375015259
Chile,2012,1.2639293670654297
China,2012,0.023326387628912926
Côte d'Ivoire,2012,-1.0984786748886108
Cameroon,2012,-0.89807677268981934
"Congo, Rep.",2012,-1.1740078926086426
Cook Islands,2012,-0.99887758493423462
Colombia,2012,0.022852471098303795
Comoros,2012,-1.5509108304977417
Cape Verde,2012,0.12047113478183746
Costa Rica,2012,0.50001037120819092
Cuba,2012,-0.40499961376190186
Cayman Islands,2012,1.2545938491821289
Cyprus,2012,1.3910294771194458
Czech Republic,2012,0.9331815242767334
Germany,2012,1.5388622283935547
Djibouti,2012,-1.0631879568099976
Dominica,2012,0.6610032320022583
Denmark,2012,1.9962949752807617
Dominican Republic,2012,-0.51032543182373047
Algeria,2012,-0.53240132331848145
Ecuador,2012,-0.50496518611907959
"Egypt, Arab Rep.",2012,-0.80857104063034058
Eritrea,2012,-1.4477114677429199
Spain,2012,1.0635758638381958
Estonia,2012,0.95440930128097534
Ethiopia,2012,-0.42535501718521118
Finland,2012,2.2203092575073242
Fiji,2012,-0.83807879686355591
France,2012,1.3807778358459473
"Micronesia, Fed. Sts.",2012,-0.64337044954299927
Gabon,2012,-0.90488994121551514
United Kingdom,2012,1.5992840528488159
Georgia,2012,0.60572028160095215
Ghana,2012,-0.048629969358444214
Guinea,2012,-1.2688001394271851
"Gambia, The",2012,-0.51251232624053955
Guinea-Bissau,2012,-1.2304582595825195
Equatorial Guinea,2012,-1.6061559915542603
Greece,2012,0.28043597936630249
Grenada,2012,0.2672838568687439
Greenland,2012,1.0023617744445801
Guatemala,2012,-0.75551849603652954
French Guiana,2012,1.1453816890716553
Guam,2012,-0.036824584007263184
Guyana,2012,-0.1148710697889328
"Hong Kong SAR, China",2012,1.8345109224319458
Honduras,2012,-0.69833695888519287
Croatia,2012,0.70657068490982056
Haiti,2012,-1.6450492143630981
Hungary,2012,0.62306153774261475
Indonesia,2012,-0.2730010449886322
India,2012,-0.17104455828666687
Ireland,2012,1.5469810962677002
"Iran, Islamic Rep.",2012,-0.5259285569190979
Iraq,2012,-1.1086826324462891
Iceland,2012,1.4908822774887085
Israel,2012,1.2768863439559937
Italy,2012,0.45202991366386414
Jamaica,2012,0.011285398155450821
Jordan,2012,-0.01137296948581934
Japan,2012,1.4154938459396362
Kazakhstan,2012,-0.44032993912696838
Kenya,2012,-0.52333295345306396
Kyrgyz Republic,2012,-0.6495780348777771
Cambodia,2012,-0.81590521335601807
Kiribati,2012,-0.7959708571434021
St. Kitts and Nevis,2012,0.83694082498550415
"Korea, Rep.",2012,1.1991966962814331
Kuwait,2012,-0.07039855420589447
Lao PDR,2012,-0.83778840303421021
Lebanon,2012,-0.34687048196792603
Liberia,2012,-1.1737903356552124
Libya,2012,-1.4742847681045532
St. Lucia,2012,0.66365569829940796
Liechtenstein,2012,1.7894093990325928
Sri Lanka,2012,-0.20762455463409424
Lesotho,2012,-0.37552690505981445
Lithuania,2012,0.83328408002853394
Luxembourg,2012,1.6719206571578979
Latvia,2012,0.83832341432571411
Kosovo,2012,-0.35246285796165466
"Macao SAR, China",2012,1.093586802482605
Morocco,2012,-0.059262186288833618
Monaco,2012,NA
Moldova,2012,-0.56799423694610596
Madagascar,2012,-1.0891610383987427
Maldives,2012,-0.21525269746780396
Mexico,2012,0.34250697493553162
Marshall Islands,2012,-1.4404691457748413
North Macedonia,2012,-0.070238128304481506
Mali,2012,-0.99686288833618164
Malta,2012,1.2478234767913818
Myanmar,2012,-1.4814430475234985
Mongolia,2012,-0.63623017072677612
Montenegro,2012,0.13035708665847778
Mozambique,2012,-0.63016605377197266
Mauritania,2012,-0.90968316793441772
Martinique,2012,0.74719208478927612
Mauritius,2012,0.98156076669692993
Malawi,2012,-0.47868970036506653
Malaysia,2012,0.91973656415939331
Namibia,2012,0.13855868577957153
Niger,2012,-0.68274068832397461
Nigeria,2012,-0.9965442419052124
Nicaragua,2012,-0.89502620697021484
Niue,2012,-0.99887758493423462
Netherlands,2012,1.8482141494750977
Norway,2012,1.9089688062667847
Nepal,2012,-0.98276668787002563
Nauru,2012,-0.55635690689086914
New Zealand,2012,1.8008519411087036
Oman,2012,0.26443371176719666
Pakistan,2012,-0.77800756692886353
Panama,2012,0.28491976857185364
Palau,2012,-0.55635690689086914
Peru,2012,-0.14501047134399414
Philippines,2012,0.10808923840522766
Papua New Guinea,2012,-0.74073362350463867
Poland,2012,0.65981411933898926
Puerto Rico,2012,0.40164178609848022
"Korea, Dem. Rep.",2012,-1.9110543727874756
Portugal,2012,1.0081568956375122
Paraguay,2012,-0.88952696323394775
Qatar,2012,0.93689382076263428
Réunion,2012,1.0085309743881226
Romania,2012,-0.18211479485034943
Russian Federation,2012,-0.42056027054786682
Rwanda,2012,-0.048351217061281204
Samoa,2012,-0.019127689301967621
Saudi Arabia,2012,0.034883506596088409
Sudan,2012,-1.4197111129760742
Senegal,2012,-0.46624761819839478
Singapore,2012,2.1659247875213623
Solomon Islands,2012,-0.80608129501342773
Sierra Leone,2012,-1.2257599830627441
El Salvador,2012,-0.12727271020412445
San Marino,2012,NA
Somalia,2012,-2.200369119644165
São Tomé and Principe,2012,-0.67902505397796631
Suriname,2012,-0.0097926249727606773
Slovak Republic,2012,0.78786569833755493
Slovenia,2012,1.0315189361572266
Sweden,2012,1.9201035499572754
Eswatini,2012,-0.53255516290664673
Seychelles,2012,0.39517310261726379
Syrian Arab Republic,2012,-1.1490341424942017
Chad,2012,-1.4888178110122681
Togo,2012,-1.3141907453536987
Thailand,2012,0.22457581758499146
Tajikistan,2012,-0.93120437860488892
Turkmenistan,2012,-1.2571592330932617
Timor-Leste,2012,-1.1808716058731079
Tonga,2012,-0.408121258020401
Trinidad and Tobago,2012,0.41048651933670044
Tunisia,2012,-0.03454580157995224
Turkey,2012,0.40841197967529297
Tuvalu,2012,-0.69331413507461548
"Taiwan, China",2012,1.1539283990859985
Tanzania,2012,-0.69149601459503174
Uganda,2012,-0.57009929418563843
Ukraine,2012,-0.58314299583435059
Uruguay,2012,0.44178634881973267
United States,2012,1.5291788578033447
Uzbekistan,2012,-0.91069650650024414
St. Vincent and the Grenadines,2012,0.83694082498550415
"Venezuela, RB",2012,-1.1453216075897217
Virgin Islands (U.S.),2012,1.2698698043823242
Vietnam,2012,-0.26993986964225769
Vanuatu,2012,-0.2233135998249054
West Bank and Gaza,2012,-0.71128678321838379
"Jersey, Channel Islands",2012,1.4510130882263184
"Yemen, Rep.",2012,-1.2732995748519897
Serbia,2012,-0.10198089480400085
South Africa,2012,0.34552153944969177
"Congo, Dem. Rep.",2012,-1.6549817323684692
Zambia,2012,-0.47626373171806335
Zimbabwe,2012,-1.3363156318664551
Aruba,2013,1.2271727323532104
Andorra,2013,1.5395615100860596
Afghanistan,2013,-1.3853824138641357
Angola,2013,-1.2235898971557617
Anguilla,2013,1.5395615100860596
Albania,2013,-0.31714698672294617
Netherlands Antilles (former),2013,0.75276839733123779
United Arab Emirates,2013,1.1764563322067261
Argentina,2013,-0.27776765823364258
Armenia,2013,0.068865843117237091
American Samoa,2013,0.49050396680831909
Antigua and Barbuda,2013,0.49050396680831909
Australia,2013,1.6400554180145264
Austria,2013,1.578917384147644
Azerbaijan,2013,-0.47529909014701843
Burundi,2013,-1.0653418302536011
Belgium,2013,1.7099928855895996
Benin,2013,-0.48970380425453186
Burkina Faso,2013,-0.66114163398742676
Bangladesh,2013,-0.79415255784988403
Bulgaria,2013,0.073386706411838531
Bahrain,2013,0.58875101804733276
"Bahamas, The",2013,0.87257897853851318
Bosnia and Herzegovina,2013,-0.4349537193775177
Belarus,2013,-0.89716386795043945
Belize,2013,-0.32933664321899414
Bermuda,2013,1.0150327682495117
Bolivia,2013,-0.38683536648750305
Brazil,2013,-0.093066543340682983
Barbados,2013,1.3574483394622803
Brunei Darussalam,2013,0.8697967529296875
Bhutan,2013,0.40037208795547485
South Sudan,2013,-1.6797616481781006
Botswana,2013,0.4140949547290802
Central African Republic,2013,-1.6103826761245728
Canada,2013,1.7889490127563477
Switzerland,2013,1.8248023986816406
Chile,2013,1.2646307945251465
China,2013,0.0034886952489614487
Côte d'Ivoire,2013,-0.92614322900772095
Cameroon,2013,-0.919106125831604
"Congo, Rep.",2013,-1.1563284397125244
Cook Islands,2013,-0.99441719055175781
Colombia,2013,0.071212939918041229
Comoros,2013,-1.5898628234863281
Cape Verde,2013,0.096769802272319794
Costa Rica,2013,0.48224771022796631
Cuba,2013,-0.44002813100814819
Cayman Islands,2013,1.2271727323532104
Cyprus,2013,1.3667523860931396
Czech Republic,2013,0.92623984813690186
Germany,2013,1.517792820930481
Djibouti,2013,-0.9626578688621521
Dominica,2013,0.70816749334335327
Denmark,2013,1.9519232511520386
Dominican Republic,2013,-0.46780428290367126
Algeria,2013,-0.53446787595748901
Ecuador,2013,-0.50189816951751709
"Egypt, Arab Rep.",2013,-0.87774497270584106
Eritrea,2013,-1.5201987028121948
Spain,2013,1.1739227771759033
Estonia,2013,0.97482085227966309
Ethiopia,2013,-0.60728543996810913
Finland,2013,2.1902141571044922
Fiji,2013,-0.84379011392593384
France,2013,1.4893275499343872
"Micronesia, Fed. Sts.",2013,-0.57137167453765869
Gabon,2013,-0.83117848634719849
United Kingdom,2013,1.5195798873901367
Georgia,2013,0.58517563343048096
Ghana,2013,-0.098554648458957672
Guinea,2013,-1.1740876436233521
"Gambia, The",2013,-0.70568811893463135
Guinea-Bissau,2013,-1.4335730075836182
Equatorial Guinea,2013,-1.5422022342681885
Greece,2013,0.360699862241745
Grenada,2013,0.22713498771190643
Greenland,2013,0.94369900226593018
Guatemala,2013,-0.70344877243041992
French Guiana,2013,1.1030378341674805
Guam,2013,-0.034024834632873535
Guyana,2013,-0.11605140566825867
"Hong Kong SAR, China",2013,1.7460917234420776
Honduras,2013,-0.72895914316177368
Croatia,2013,0.70315563678741455
Haiti,2013,-1.5767800807952881
Hungary,2013,0.69269031286239624
Indonesia,2013,-0.19895075261592865
India,2013,-0.17173312604427338
Ireland,2013,1.511372447013855
"Iran, Islamic Rep.",2013,-0.67715698480606079
Iraq,2013,-1.0965044498443604
Iceland,2013,1.4902030229568481
Israel,2013,1.2494398355484009
Italy,2013,0.53667038679122925
Jamaica,2013,0.041947651654481888
Jordan,2013,-0.049088884145021439
Japan,2013,1.6182476282119751
Kazakhstan,2013,-0.53305035829544067
Kenya,2013,-0.45752397179603577
Kyrgyz Republic,2013,-0.65220242738723755
Cambodia,2013,-0.906532883644104
Kiribati,2013,-0.77002966403961182
St. Kitts and Nevis,2013,0.89414787292480469
"Korea, Rep.",2013,1.1256293058395386
Kuwait,2013,-0.070844322443008423
Lao PDR,2013,-0.7303624153137207
Lebanon,2013,-0.39546406269073486
Liberia,2013,-1.385218620300293
Libya,2013,-1.4715259075164795
St. Lucia,2013,0.70696300268173218
Liechtenstein,2013,1.7546961307525635
Sri Lanka,2013,-0.17005997896194458
Lesotho,2013,-0.41744869947433472
Lithuania,2013,0.8317524790763855
Luxembourg,2013,1.6300863027572632
Latvia,2013,0.88905423879623413
Kosovo,2013,-0.37973245978355408
"Macao SAR, China",2013,1.0642579793930054
Morocco,2013,-0.035292163491249084
Monaco,2013,NA
Moldova,2013,-0.40932723879814148
Madagascar,2013,-1.1315134763717651
Maldives,2013,-0.32248947024345398
Mexico,2013,0.34530872106552124
Marshall Islands,2013,-1.5662906169891357
North Macedonia,2013,-0.052989989519119263
Mali,2013,-0.90321940183639526
Malta,2013,1.2579785585403442
Myanmar,2013,-1.4975777864456177
Mongolia,2013,-0.54875773191452026
Montenegro,2013,0.15994149446487427
Mozambique,2013,-0.61355894804000854
Mauritania,2013,-0.99900281429290771
Martinique,2013,0.75276839733123779
Mauritius,2013,0.88194668292999268
Malawi,2013,-0.48017680644989014
Malaysia,2013,0.99985742568969727
Namibia,2013,0.18710410594940186
Niger,2013,-0.72124069929122925
Nigeria,2013,-0.99240958690643311
Nicaragua,2013,-0.81701475381851196
Niue,2013,-0.99441719055175781
Netherlands,2013,1.8170677423477173
Norway,2013,1.8852044343948364
Nepal,2013,-0.92661786079406738
Nauru,2013,-0.57875806093215942
New Zealand,2013,1.7580124139785767
Oman,2013,0.2139999121427536
Pakistan,2013,-0.79213088750839233
Panama,2013,0.28850430250167847
Palau,2013,-0.57875806093215942
Peru,2013,-0.11495574563741684
Philippines,2013,0.11835096776485443
Papua New Guinea,2013,-0.66330897808074951
Poland,2013,0.66209703683853149
Puerto Rico,2013,0.35965698957443237
"Korea, Dem. Rep.",2013,-1.9019973278045654
Portugal,2013,1.200499415397644
Paraguay,2013,-0.87251144647598267
Qatar,2013,1.0577791929244995
Réunion,2013,1.0150327682495117
Romania,2013,0.099147573113441467
Russian Federation,2013,-0.35508707165718079
Rwanda,2013,0.019567470997571945
Samoa,2013,0.024486184120178223
Saudi Arabia,2013,0.072994515299797058
Sudan,2013,-1.4858952760696411
Senegal,2013,-0.41876459121704102
Singapore,2013,2.0892360210418701
Solomon Islands,2013,-0.82416814565658569
Sierra Leone,2013,-1.2258657217025757
El Salvador,2013,-0.11540988832712173
San Marino,2013,NA
Somalia,2013,-2.2179896831512451
São Tomé and Principe,2013,-0.72611665725708008
Suriname,2013,-0.015966370701789856
Slovak Republic,2013,0.73001307249069214
Slovenia,2013,1.013216495513916
Sweden,2013,1.7971624135971069
Eswatini,2013,-0.44844809174537659
Seychelles,2013,0.38198786973953247
Syrian Arab Republic,2013,-1.4009582996368408
Chad,2013,-1.3892842531204224
Togo,2013,-1.295392632484436
Thailand,2013,0.24789220094680786
Tajikistan,2013,-1.0588310956954956
Turkmenistan,2013,-1.2823123931884766
Timor-Leste,2013,-1.2316726446151733
Tonga,2013,-0.40471041202545166
Trinidad and Tobago,2013,0.36210143566131592
Tunisia,2013,-0.073686912655830383
Turkey,2013,0.38113868236541748
Tuvalu,2013,-0.65961313247680664
"Taiwan, China",2013,1.2110424041748047
Tanzania,2013,-0.71008008718490601
Uganda,2013,-0.58622640371322632
Ukraine,2013,-0.64604699611663818
Uruguay,2013,0.44761738181114197
United States,2013,1.5238276720046997
Uzbekistan,2013,-0.91405254602432251
St. Vincent and the Grenadines,2013,0.89414787292480469
"Venezuela, RB",2013,-1.1675499677658081
Virgin Islands (U.S.),2013,1.2772971391677856
Vietnam,2013,-0.2658596932888031
Vanuatu,2013,-0.21277962625026703
West Bank and Gaza,2013,-0.72595185041427612
"Jersey, Channel Islands",2013,1.3795193433761597
"Yemen, Rep.",2013,-1.2207685708999634
Serbia,2013,-0.086901478469371796
South Africa,2013,0.43822485208511353
"Congo, Dem. Rep.",2013,-1.4781818389892578
Zambia,2013,-0.49278247356414795
Zimbabwe,2013,-1.2779396772384644
Aruba,2014,0.8914644718170166
Andorra,2014,1.7183096408843994
Afghanistan,2014,-1.332014799118042
Angola,2014,-1.124247670173645
Anguilla,2014,0.95205390453338623
Albania,2014,-0.085934840142726898
Netherlands Antilles (former),2014,NA
United Arab Emirates,2014,1.4354400634765625
Argentina,2014,-0.15952645242214203
Armenia,2014,-0.19844970107078552
American Samoa,2014,0.44121661782264709
Antigua and Barbuda,2014,-0.069620668888092041
Australia,2014,1.6070669889450073
Austria,2014,1.5591772794723511
Azerbaijan,2014,-0.3642464280128479
Burundi,2014,-1.1297272443771362
Belgium,2014,1.5237045288085938
Benin,2014,-0.45726713538169861
Burkina Faso,2014,-0.57930243015289307
Bangladesh,2014,-0.76625961065292358
Bulgaria,2014,-0.00014856639609206468
Bahrain,2014,0.56478917598724365
"Bahamas, The",2014,0.72874164581298828
Bosnia and Herzegovina,2014,-0.45159032940864563
Belarus,2014,-0.48662486672401428
Belize,2014,-0.65780270099639893
Bermuda,2014,0.95205390453338623
Bolivia,2014,-0.58818191289901733
Brazil,2014,-0.13974285125732422
Barbados,2014,1.2045879364013672
Brunei Darussalam,2014,1.0861861705780029
Bhutan,2014,0.25583675503730774
South Sudan,2014,-2.0689337253570557
Botswana,2014,0.35211154818534851
Central African Republic,2014,-1.8490523099899292
Canada,2014,1.7605053186416626
Switzerland,2014,2.1123082637786865
Chile,2014,1.1611970663070679
China,2014,0.32259082794189453
Côte d'Ivoire,2014,-0.83436644077301025
Cameroon,2014,-0.79154819250106812
"Congo, Rep.",2014,-1.1108863353729248
Cook Islands,2014,NA
Colombia,2014,-0.100936159491539
Comoros,2014,-1.674726128578186
Cape Verde,2014,0.069634370505809784
Costa Rica,2014,0.39631438255310059
Cuba,2014,-0.047154296189546585
Cayman Islands,2014,1.1799229383468628
Cyprus,2014,1.1402449607849121
Czech Republic,2014,1.0386260747909546
Germany,2014,1.6712974309921265
Djibouti,2014,-0.97493433952331543
Dominica,2014,0.075963184237480164
Denmark,2014,1.7916278839111328
Dominican Republic,2014,-0.43571478128433228
Algeria,2014,-0.47800600528717041
Ecuador,2014,-0.47339576482772827
"Egypt, Arab Rep.",2014,-0.82319766283035278
Eritrea,2014,-1.6077358722686768
Spain,2014,1.1783167123794556
Estonia,2014,1.0165170431137085
Ethiopia,2014,-0.42492452263832092
Finland,2014,2.0328218936920166
Fiji,2014,-0.36820289492607117
France,2014,1.4186831712722778
"Micronesia, Fed. Sts.",2014,-0.49795779585838318
Gabon,2014,-0.64465075731277466
United Kingdom,2014,1.6297483444213867
Georgia,2014,0.48892199993133545
Ghana,2014,-0.28127250075340271
Guinea,2014,-1.232962965965271
"Gambia, The",2014,-0.67038494348526001
Guinea-Bissau,2014,-1.5836753845214844
Equatorial Guinea,2014,-1.5051957368850708
Greece,2014,0.30047029256820679
Grenada,2014,-0.10905406624078751
Greenland,2014,0.92017084360122681
Guatemala,2014,-0.729392409324646
French Guiana,2014,1.1282329559326172
Guam,2014,0.44121661782264709
Guyana,2014,-0.23272243142127991
"Hong Kong SAR, China",2014,1.8328989744186401
Honduras,2014,-0.81050735712051392
Croatia,2014,0.69679909944534302
Haiti,2014,-2.0422322750091553
Hungary,2014,0.59406566619873047
Indonesia,2014,-0.037572529166936874
India,2014,-0.20604757964611053
Ireland,2014,1.6051830053329468
"Iran, Islamic Rep.",2014,-0.42736411094665527
Iraq,2014,-1.111733078956604
Iceland,2014,1.491329550743103
Israel,2014,1.2106871604919434
Italy,2014,0.47597658634185791
Jamaica,2014,0.13711535930633545
Jordan,2014,0.11650350689888
Japan,2014,1.8124774694442749
Kazakhstan,2014,-0.043055474758148193
Kenya,2014,-0.33376902341842651
Kyrgyz Republic,2014,-0.86593776941299438
Cambodia,2014,-0.6894538402557373
Kiribati,2014,-0.56116271018981934
St. Kitts and Nevis,2014,-0.072166703641414642
"Korea, Rep.",2014,1.16461181640625
Kuwait,2014,-0.14878810942173004
Lao PDR,2014,-0.41575250029563904
Lebanon,2014,-0.37594741582870483
Liberia,2014,-1.3436769247055054
Libya,2014,-1.6921592950820923
St. Lucia,2014,-0.016629375517368317
Liechtenstein,2014,1.7051498889923096
Sri Lanka,2014,0.053527858108282089
Lesotho,2014,-0.55564945936203003
Lithuania,2014,0.98248416185379028
Luxembourg,2014,1.6543946266174316
Latvia,2014,0.95837640762329102
Kosovo,2014,-0.3156413733959198
"Macao SAR, China",2014,1.468381404876709
Morocco,2014,-0.074909083545207977
Monaco,2014,NA
Moldova,2014,-0.4188457727432251
Madagascar,2014,-1.2999345064163208
Maldives,2014,-0.36209496855735779
Mexico,2014,0.19591237604618073
Marshall Islands,2014,-1.5590718984603882
North Macedonia,2014,0.13132880628108978
Mali,2014,-1.0996619462966919
Malta,2014,1.0282013416290283
Myanmar,2014,-1.2799584865570068
Mongolia,2014,-0.43594580888748169
Montenegro,2014,0.26488140225410461
Mozambique,2014,-0.72316884994506836
Mauritania,2014,-0.99205702543258667
Martinique,2014,0.69663524627685547
Mauritius,2014,1.0434792041778564
Malawi,2014,-0.62859362363815308
Malaysia,2014,1.1149837970733643
Namibia,2014,0.11335885524749756
Niger,2014,-0.6966826319694519
Nigeria,2014,-1.1866077184677124
Nicaragua,2014,-0.83842623233795166
Niue,2014,NA
Netherlands,2014,1.842606782913208
Norway,2014,1.8284527063369751
Nepal,2014,-0.85206711292266846
Nauru,2014,-0.56906259059906006
New Zealand,2014,1.9320777654647827
Oman,2014,0.26549416780471802
Pakistan,2014,-0.7555079460144043
Panama,2014,0.26180979609489441
Palau,2014,-0.56906259059906006
Peru,2014,-0.26719000935554504
Philippines,2014,0.19270406663417816
Papua New Guinea,2014,-0.61317312717437744
Poland,2014,0.74883490800857544
Puerto Rico,2014,0.3629206120967865
"Korea, Dem. Rep.",2014,-1.6414631605148315
Portugal,2014,0.98789864778518677
Paraguay,2014,-0.91970735788345337
Qatar,2014,0.94461905956268311
Réunion,2014,0.95205390453338623
Romania,2014,0.16365234553813934
Russian Federation,2014,-0.10969653725624084
Rwanda,2014,-0.025697257369756699
Samoa,2014,0.45456796884536743
Saudi Arabia,2014,0.2074110358953476
Sudan,2014,-1.5327025651931763
Senegal,2014,-0.40438321232795715
Singapore,2014,2.1826813220977783
Solomon Islands,2014,-1.0686029195785522
Sierra Leone,2014,-1.2443158626556396
El Salvador,2014,-0.033100027590990067
San Marino,2014,NA
Somalia,2014,-2.4467117786407471
São Tomé and Principe,2014,-0.817821204662323
Suriname,2014,-0.17631810903549194
Slovak Republic,2014,0.79752534627914429
Slovenia,2014,1.0049949884414673
Sweden,2014,1.6877087354660034
Eswatini,2014,-0.5634232759475708
Seychelles,2014,0.36048007011413574
Syrian Arab Republic,2014,-1.4006773233413696
Chad,2014,-1.4965784549713135
Togo,2014,-1.2501174211502075
Thailand,2014,0.33765661716461182
Tajikistan,2014,-0.78312182426452637
Turkmenistan,2014,-0.84272682666778564
Timor-Leste,2014,-1.1811848878860474
Tonga,2014,-0.069522440433502197
Trinidad and Tobago,2014,0.27177080512046814
Tunisia,2014,-0.12002905458211899
Turkey,2014,0.36495301127433777
Tuvalu,2014,-0.92722630500793457
"Taiwan, China",2014,1.3677394390106201
Tanzania,2014,-0.65553319454193115
Uganda,2014,-0.50193411111831665
Ukraine,2014,-0.41385924816131592
Uruguay,2014,0.48251986503601074
United States,2014,1.4675114154815674
Uzbekistan,2014,-0.62880426645278931
St. Vincent and the Grenadines,2014,0.13158445060253143
"Venezuela, RB",2014,-1.2273622751235962
Virgin Islands (U.S.),2014,1.207472562789917
Vietnam,2014,-0.07082560658454895
Vanuatu,2014,-0.53436678647994995
West Bank and Gaza,2014,-0.48834264278411865
"Jersey, Channel Islands",2014,1.3532860279083252
"Yemen, Rep.",2014,-1.4115078449249268
Serbia,2014,0.089274086058139801
South Africa,2014,0.34079527854919434
"Congo, Dem. Rep.",2014,-1.5620441436767578
Zambia,2014,-0.50003206729888916
Zimbabwe,2014,-1.211193323135376
Aruba,2015,0.88325768709182739
Andorra,2015,1.7868520021438599
Afghanistan,2015,-1.3231762647628784
Angola,2015,-1.0003265142440796
Anguilla,2015,1.0070152282714844
Albania,2015,0.010020781308412552
Netherlands Antilles (former),2015,NA
United Arab Emirates,2015,1.5092674493789673
Argentina,2015,-0.075274407863616943
Armenia,2015,-0.16107110679149628
American Samoa,2015,0.48712411522865295
Antigua and Barbuda,2015,0.22717854380607605
Australia,2015,1.5641909837722778
Austria,2015,1.4816962480545044
Azerbaijan,2015,-0.25762638449668884
Burundi,2015,-1.1844797134399414
Belgium,2015,1.5603483915328979
Benin,2015,-0.61987674236297607
Burkina Faso,2015,-0.61969906091690063
Bangladesh,2015,-0.72385495901107788
Bulgaria,2015,0.11485970765352249
Bahrain,2015,0.55950504541397095
"Bahamas, The",2015,0.71244287490844727
Bosnia and Herzegovina,2015,-0.54551112651824951
Belarus,2015,-0.45908686518669128
Belize,2015,-0.68443566560745239
Bermuda,2015,1.0070152282714844
Bolivia,2015,-0.65223062038421631
Brazil,2015,-0.18435122072696686
Barbados,2015,1.0248594284057617
Brunei Darussalam,2015,1.059632420539856
Bhutan,2015,0.40604928135871887
South Sudan,2015,-2.163243293762207
Botswana,2015,0.50164729356765747
Central African Republic,2015,-1.7848366498947144
Canada,2015,1.76172935962677
Switzerland,2015,1.9976896047592163
Chile,2015,1.0857818126678467
China,2015,0.40757513046264648
Côte d'Ivoire,2015,-0.68576192855834961
Cameroon,2015,-0.78081786632537842
"Congo, Rep.",2015,-1.0224131345748901
Cook Islands,2015,NA
Colombia,2015,-0.036394711583852768
Comoros,2015,-1.5222055912017822
Cape Verde,2015,0.16721583902835846
Costa Rica,2015,0.37532532215118408
Cuba,2015,0.021494179964065552
Cayman Islands,2015,1.1664611101150513
Cyprus,2015,1.0483008623123169
Czech Republic,2015,1.0598211288452148
Germany,2015,1.6869726181030273
Djibouti,2015,-0.95455080270767212
Dominica,2015,0.11703664064407349
Denmark,2015,1.8254287242889404
Dominican Republic,2015,-0.35756546258926392
Algeria,2015,-0.50112783908843994
Ecuador,2015,-0.44257879257202148
"Egypt, Arab Rep.",2015,-0.76971828937530518
Eritrea,2015,-1.5934560298919678
Spain,2015,1.1881008148193359
Estonia,2015,1.0676579475402832
Ethiopia,2015,-0.64694809913635254
Finland,2015,1.8740415573120117
Fiji,2015,-0.29154285788536072
France,2015,1.4481221437454224
"Micronesia, Fed. Sts.",2015,-0.39726006984710693
Gabon,2015,-0.73383820056915283
United Kingdom,2015,1.7358672618865967
Georgia,2015,0.40424138307571411
Ghana,2015,-0.22242213785648346
Guinea,2015,-1.1458064317703247
"Gambia, The",2015,-0.90371090173721313
Guinea-Bissau,2015,-1.6132850646972656
Equatorial Guinea,2015,-1.4180550575256348
Greece,2015,0.1770223081111908
Grenada,2015,-0.19652801752090454
Greenland,2015,0.86747974157333374
Guatemala,2015,-0.71127939224243164
French Guiana,2015,1.1222939491271973
Guam,2015,0.48712411522865295
Guyana,2015,-0.33573910593986511
"Hong Kong SAR, China",2015,1.9088168144226074
Honduras,2015,-0.82180047035217285
Croatia,2015,0.53091734647750854
Haiti,2015,-2.0164663791656494
Hungary,2015,0.54894107580184937
Indonesia,2015,-0.24088011682033539
India,2015,0.090068280696868896
Ireland,2015,1.551581859588623
"Iran, Islamic Rep.",2015,-0.20917598903179169
Iraq,2015,-1.2466453313827515
Iceland,2015,1.4917397499084473
Israel,2015,1.3874480724334717
Italy,2015,0.52170366048812866
Jamaica,2015,0.24834074079990387
Jordan,2015,0.12221148610115051
Japan,2015,1.7841676473617554
Kazakhstan,2015,-0.073581799864768982
Kenya,2015,-0.30150669813156128
Kyrgyz Republic,2015,-0.91473138332366943
Cambodia,2015,-0.69969236850738525
Kiribati,2015,-0.4900718629360199
St. Kitts and Nevis,2015,0.11703664064407349
"Korea, Rep.",2015,1.012076735496521
Kuwait,2015,-0.033488117158412933
Lao PDR,2015,-0.51081174612045288
Lebanon,2015,-0.47453939914703369
Liberia,2015,-1.3572742938995361
Libya,2015,-1.6533041000366211
St. Lucia,2015,-0.079493671655654907
Liechtenstein,2015,1.688700795173645
Sri Lanka,2015,-0.0095256157219409943
Lesotho,2015,-0.67276936769485474
Lithuania,2015,1.1846092939376831
Luxembourg,2015,1.7237277030944824
Latvia,2015,1.0891236066818237
Kosovo,2015,-0.40994176268577576
"Macao SAR, China",2015,1.4496644735336304
Morocco,2015,-0.062316913157701492
Monaco,2015,NA
Moldova,2015,-0.65494096279144287
Madagascar,2015,-1.2858142852783203
Maldives,2015,-0.37611961364746094
Mexico,2015,0.20929169654846191
Marshall Islands,2015,-1.6013503074645996
North Macedonia,2015,0.11809345334768295
Mali,2015,-0.93125683069229126
Malta,2015,0.85011893510818481
Myanmar,2015,-1.2388075590133667
Mongolia,2015,-0.41901060938835144
Montenegro,2015,0.15534223616123199
Mozambique,2015,-0.74653863906860352
Mauritania,2015,-1.0271091461181641
Martinique,2015,0.74706971645355225
Mauritius,2015,1.0566744804382324
Malawi,2015,-0.6664508581161499
Malaysia,2015,0.94864201545715332
Namibia,2015,0.2479032427072525
Niger,2015,-0.65485888719558716
Nigeria,2015,-0.95903271436691284
Nicaragua,2015,-0.81613725423812866
Niue,2015,NA
Netherlands,2015,1.8591052293777466
Norway,2015,1.8641425371170044
Nepal,2015,-1.0538676977157593
Nauru,2015,-0.53658163547515869
New Zealand,2015,1.8840179443359375
Oman,2015,0.081152155995368958
Pakistan,2015,-0.66775697469711304
Panama,2015,0.29191219806671143
Palau,2015,-0.53658163547515869
Peru,2015,-0.27724513411521912
Philippines,2015,0.11196805536746979
Papua New Guinea,2015,-0.60678267478942871
Poland,2015,0.72746813297271729
Puerto Rico,2015,0.35837101936340332
"Korea, Dem. Rep.",2015,-1.6328098773956299
Portugal,2015,1.1888189315795898
Paraguay,2015,-0.9486122727394104
Qatar,2015,0.95460391044616699
Réunion,2015,1.0070152282714844
Romania,2015,0.10728161782026291
Russian Federation,2015,-0.20470263063907623
Rwanda,2015,-0.046111095696687698
Samoa,2015,0.50821566581726074
Saudi Arabia,2015,0.19965529441833496
Sudan,2015,-1.476073145866394
Senegal,2015,-0.42669442296028137
Singapore,2015,2.2360446453094482
Solomon Islands,2015,-1.0245985984802246
Sierra Leone,2015,-1.2501111030578613
El Salvador,2015,-0.23584631085395813
San Marino,2015,NA
Somalia,2015,-2.1970219612121582
São Tomé and Principe,2015,-0.75114256143569946
Suriname,2015,-0.34609654545783997
Slovak Republic,2015,0.76834011077880859
Slovenia,2015,0.97210341691970825
Sweden,2015,1.7156131267547607
Eswatini,2015,-0.56260198354721069
Seychelles,2015,0.422565758228302
Syrian Arab Republic,2015,-1.5906083583831787
Chad,2015,-1.4612380266189575
Togo,2015,-1.1932718753814697
Thailand,2015,0.34984385967254639
Tajikistan,2015,-0.84848082065582275
Turkmenistan,2015,-0.85070586204528809
Timor-Leste,2015,-1.0457526445388794
Tonga,2015,-0.33047154545783997
Trinidad and Tobago,2015,0.23218454420566559
Tunisia,2015,-0.12054283916950226
Turkey,2015,0.22270482778549194
Tuvalu,2015,-0.96374541521072388
"Taiwan, China",2015,1.395429253578186
Tanzania,2015,-0.60221463441848755
Uganda,2015,-0.48492580652236938
Ukraine,2015,-0.52382880449295044
Uruguay,2015,0.52856636047363281
United States,2015,1.4631843566894531
Uzbekistan,2015,-0.67206770181655884
St. Vincent and the Grenadines,2015,0.029598880559206009
"Venezuela, RB",2015,-1.2201346158981323
Virgin Islands (U.S.),2015,1.2669608592987061
Vietnam,2015,0.067126959562301636
Vanuatu,2015,-0.78386819362640381
West Bank and Gaza,2015,-0.47409126162528992
"Jersey, Channel Islands",2015,1.2992788553237915
"Yemen, Rep.",2015,-1.6272952556610107
Serbia,2015,0.11084526777267456
South Africa,2015,0.29152515530586243
"Congo, Dem. Rep.",2015,-1.6293948888778687
Zambia,2015,-0.55590879917144775
Zimbabwe,2015,-1.1580851078033447
Aruba,2016,0.89286619424819946
Andorra,2016,1.8600755929946899
Afghanistan,2016,-1.2264013290405273
Angola,2016,-1.0359703302383423
Anguilla,2016,1.328458309173584
Albania,2016,0.013042147271335125
Netherlands Antilles (former),2016,NA
United Arab Emirates,2016,1.4154846668243408
Argentina,2016,0.16187813878059387
Armenia,2016,-0.15837724506855011
American Samoa,2016,0.53103232383728027
Antigua and Barbuda,2016,0.26522371172904968
Australia,2016,1.5680426359176636
Austria,2016,1.5105208158493042
Azerbaijan,2016,-0.16581402719020844
Burundi,2016,-1.4416913986206055
Belgium,2016,1.433040976524353
Benin,2016,-0.56432992219924927
Burkina Faso,2016,-0.5643082857131958
Bangladesh,2016,-0.67878103256225586
Bulgaria,2016,0.20847561955451965
Bahrain,2016,0.32756629586219788
"Bahamas, The",2016,0.71919673681259155
Bosnia and Herzegovina,2016,-0.39360320568084717
Belarus,2016,-0.47807300090789795
Belize,2016,-0.6760404109954834
Bermuda,2016,1.328458309173584
Bolivia,2016,-0.56720197200775146
Brazil,2016,-0.17397782206535339
Barbados,2016,1.0817793607711792
Brunei Darussalam,2016,1.0837844610214233
Bhutan,2016,0.50020682811737061
South Sudan,2016,-2.3532474040985107
Botswana,2016,0.52952480316162109
Central African Republic,2016,-1.7716580629348755
Canada,2016,1.7809621095657349
Switzerland,2016,2.0080587863922119
Chile,2016,1.0103718042373657
China,2016,0.35459414124488831
Côte d'Ivoire,2016,-0.67325347661972046
Cameroon,2016,-0.76397311687469482
"Congo, Rep.",2016,-1.096853494644165
Cook Islands,2016,NA
Colombia,2016,0.015215691179037094
Comoros,2016,-1.5527632236480713
Cape Verde,2016,0.12480464577674866
Costa Rica,2016,0.35518726706504822
Cuba,2016,-0.10518877953290939
Cayman Islands,2016,1.1818182468414307
Cyprus,2016,0.96056950092315674
Czech Republic,2016,1.044983983039856
Germany,2016,1.6962118148803711
Djibouti,2016,-0.97403937578201294
Dominica,2016,0.054144445806741714
Denmark,2016,1.857508659362793
Dominican Republic,2016,-0.26389709115028381
Algeria,2016,-0.53130441904067993
Ecuador,2016,-0.43047317862510681
"Egypt, Arab Rep.",2016,-0.65967088937759399
Eritrea,2016,-1.6960698366165161
Spain,2016,1.1299033164978027
Estonia,2016,1.0904631614685059
Ethiopia,2016,-0.63848447799682617
Finland,2016,1.8779392242431641
Fiji,2016,-0.24900129437446594
France,2016,1.416433572769165
"Micronesia, Fed. Sts.",2016,-0.33512884378433228
Gabon,2016,-0.79216796159744263
United Kingdom,2016,1.6095538139343262
Georgia,2016,0.51794248819351196
Ghana,2016,-0.16851133108139038
Guinea,2016,-1.005932092666626
"Gambia, The",2016,-0.84204041957855225
Guinea-Bissau,2016,-1.6429722309112549
Equatorial Guinea,2016,-1.4080028533935547
Greece,2016,0.15772584080696106
Grenada,2016,-0.17521582543849945
Greenland,2016,0.84252721071243286
Guatemala,2016,-0.60652655363082886
French Guiana,2016,1.1274571418762207
Guam,2016,0.26522371172904968
Guyana,2016,-0.30170419812202454
"Hong Kong SAR, China",2016,1.8416357040405273
Honduras,2016,-0.72646516561508179
Croatia,2016,0.50356048345565796
Haiti,2016,-2.0783991813659668
Hungary,2016,0.50141924619674683
Indonesia,2016,0.0074111223220825195
India,2016,0.074945487082004547
Ireland,2016,1.3646268844604492
"Iran, Islamic Rep.",2016,-0.19161128997802734
Iraq,2016,-1.2675617933273315
Iceland,2016,1.3852933645248413
Israel,2016,1.345055103302002
Italy,2016,0.57850348949432373
Jamaica,2016,0.41191485524177551
Jordan,2016,0.13354352116584778
Japan,2016,1.8215322494506836
Kazakhstan,2016,-0.067261233925819397
Kenya,2016,-0.32511433959007263
Kyrgyz Republic,2016,-0.8957095742225647
Cambodia,2016,-0.69423371553421021
Kiribati,2016,-0.43398028612136841
St. Kitts and Nevis,2016,0.14135295152664185
"Korea, Rep.",2016,1.0636526346206665
Kuwait,2016,-0.16373385488986969
Lao PDR,2016,-0.39837336540222168
Lebanon,2016,-0.53865337371826172
Liberia,2016,-1.2789609432220459
Libya,2016,-1.8918648958206177
St. Lucia,2016,0.027894105762243271
Liechtenstein,2016,1.7053611278533936
Sri Lanka,2016,-0.026391657069325447
Lesotho,2016,-0.80196231603622437
Lithuania,2016,1.0696752071380615
Luxembourg,2016,1.6918599605560303
Latvia,2016,1.0048837661743164
Kosovo,2016,-0.41747042536735535
"Macao SAR, China",2016,1.1818182468414307
Morocco,2016,-0.10641127079725266
Monaco,2016,NA
Moldova,2016,-0.6270107626914978
Madagascar,2016,-1.1677742004394531
Maldives,2016,-0.32158318161964417
Mexico,2016,0.1316671222448349
Marshall Islands,2016,-1.5662300586700439
North Macedonia,2016,0.10355457663536072
Mali,2016,-0.99282503128051758
Malta,2016,0.95541173219680786
Myanmar,2016,-0.97635680437088013
Mongolia,2016,-0.098226308822631836
Montenegro,2016,0.13116197288036346
Mozambique,2016,-0.86316484212875366
Mauritania,2016,-0.77205502986907959
Martinique,2016,0.79684096574783325
Mauritius,2016,0.96078866720199585
Malawi,2016,-0.72611331939697266
Malaysia,2016,0.86541593074798584
Namibia,2016,0.16705012321472168
Niger,2016,-0.63362246751785278
Nigeria,2016,-1.0875957012176514
Nicaragua,2016,-0.68870937824249268
Niue,2016,NA
Netherlands,2016,1.8565601110458374
Norway,2016,1.8688620328903198
Nepal,2016,-0.82655090093612671
Nauru,2016,-0.68845933675765991
New Zealand,2016,1.8424962759017944
Oman,2016,0.19169074296951294
Pakistan,2016,-0.65346163511276245
Panama,2016,0.18547676503658295
Palau,2016,-0.40181624889373779
Peru,2016,-0.17881731688976288
Philippines,2016,-0.010461717844009399
Papua New Guinea,2016,-0.73755931854248047
Poland,2016,0.65334630012512207
Puerto Rico,2016,0.39541509747505188
"Korea, Dem. Rep.",2016,-1.6268088817596436
Portugal,2016,1.1834497451782227
Paraguay,2016,-0.79243844747543335
Qatar,2016,0.73517370223999023
Réunion,2016,1.0626496076583862
Romania,2016,-0.040914580225944519
Russian Federation,2016,-0.19743457436561584
Rwanda,2016,0.097868822515010834
Samoa,2016,0.54037219285964966
Saudi Arabia,2016,0.26099613308906555
Sudan,2016,-1.5151708126068115
Senegal,2016,-0.45408114790916443
Singapore,2016,2.2056803703308105
Solomon Islands,2016,-0.98472636938095093
Sierra Leone,2016,-1.1707240343093872
El Salvador,2016,-0.28519654273986816
San Marino,2016,NA
Somalia,2016,-2.1909365653991699
São Tomé and Principe,2016,-0.67224204540252686
Suriname,2016,-0.3381316065788269
Slovak Republic,2016,0.83021891117095947
Slovenia,2016,1.1268596649169922
Sweden,2016,1.6991816759109497
Eswatini,2016,-0.57852315902709961
Seychelles,2016,0.36974003911018372
Syrian Arab Republic,2016,-1.81886887550354
Chad,2016,-1.5118895769119263
Togo,2016,-1.0685962438583374
Thailand,2016,0.34175235033035278
Tajikistan,2016,-1.0269272327423096
Turkmenistan,2016,-1.1266645193099976
Timor-Leste,2016,-1.0143725872039795
Tonga,2016,-0.28223341703414917
Trinidad and Tobago,2016,0.22752097249031067
Tunisia,2016,-0.22919362783432007
Turkey,2016,0.048244636505842209
Tuvalu,2016,-0.9257044792175293
"Taiwan, China",2016,1.3610050678253174
Tanzania,2016,-0.54575091600418091
Uganda,2016,-0.57139086723327637
Ukraine,2016,-0.57241702079772949
Uruguay,2016,0.57386630773544312
United States,2016,1.4763399362564087
Uzbekistan,2016,-0.57744771242141724
St. Vincent and the Grenadines,2016,0.21695846319198608
"Venezuela, RB",2016,-1.2857599258422852
Virgin Islands (U.S.),2016,1.328458309173584
Vietnam,2016,0.019475586712360382
Vanuatu,2016,-0.88000732660293579
West Bank and Gaza,2016,-0.63556241989135742
"Jersey, Channel Islands",2016,1.2684956789016724
"Yemen, Rep.",2016,-1.8250048160552979
Serbia,2016,0.079421035945415497
South Africa,2016,0.30616652965545654
"Congo, Dem. Rep.",2016,-1.5109264850616455
Zambia,2016,-0.66018372774124146
Zimbabwe,2016,-1.1583989858627319
Aruba,2017,0.9199637770652771
Andorra,2017,1.9403010606765747
Afghanistan,2017,-1.3255451917648315
Angola,2017,-1.0260343551635742
Anguilla,2017,0.83805805444717407
Albania,2017,0.076848939061164856
Netherlands Antilles (former),2017,NA
United Arab Emirates,2017,1.4181911945343018
Argentina,2017,0.14459334313869476
Armenia,2017,-0.10269521921873093
American Samoa,2017,0.56249719858169556
Antigua and Barbuda,2017,0.011375703848898411
Australia,2017,1.5382189750671387
Austria,2017,1.507204532623291
Azerbaijan,2017,-0.17264117300510406
Burundi,2017,-1.337151050567627
Belgium,2017,1.2788457870483398
Benin,2017,-0.64683353900909424
Burkina Faso,2017,-0.57808351516723633
Bangladesh,2017,-0.73509836196899414
Bulgaria,2017,0.19285956025123596
Bahrain,2017,0.19557727873325348
"Bahamas, The",2017,0.579018235206604
Bosnia and Herzegovina,2017,-0.48266434669494629
Belarus,2017,-0.34130153059959412
Belize,2017,-0.70296239852905273
Bermuda,2017,1.3891794681549072
Bolivia,2017,-0.38537925481796265
Brazil,2017,-0.23284855484962463
Barbados,2017,0.84455734491348267
Brunei Darussalam,2017,1.1467347145080566
Bhutan,2017,0.55710434913635254
South Sudan,2017,-2.475142240524292
Botswana,2017,0.43189620971679688
Central African Republic,2017,-1.7583457231521606
Canada,2017,1.8571140766143799
Switzerland,2017,2.0593724250793457
Chile,2017,0.99616235494613647
China,2017,0.41377174854278564
Côte d'Ivoire,2017,-0.75549846887588501
Cameroon,2017,-0.81076890230178833
"Congo, Rep.",2017,-1.1961116790771484
Cook Islands,2017,NA
Colombia,2017,-0.075080014765262604
Comoros,2017,-1.5593694448471069
Cape Verde,2017,0.16330434381961823
Costa Rica,2017,0.30632773041725159
Cuba,2017,-0.18047820031642914
Cayman Islands,2017,1.2289243936538696
Cyprus,2017,0.92220175266265869
Czech Republic,2017,1.0710431337356567
Germany,2017,1.6531802415847778
Djibouti,2017,-1.0288300514221191
Dominica,2017,-0.26267147064208984
Denmark,2017,1.787519097328186
Dominican Republic,2017,-0.37197905778884888
Algeria,2017,-0.59196871519088745
Ecuador,2017,-0.39964127540588379
"Egypt, Arab Rep.",2017,-0.62079417705535889
Eritrea,2017,-1.7118816375732422
Spain,2017,1.038661003112793
Estonia,2017,1.1117285490036011
Ethiopia,2017,-0.69285452365875244
Finland,2017,2.0186760425567627
Fiji,2017,0.0698404461145401
France,2017,1.3480908870697021
"Micronesia, Fed. Sts.",2017,0.046793524175882339
Gabon,2017,-0.92200881242752075
United Kingdom,2017,1.4696617126464844
Georgia,2017,0.57570374011993408
Ghana,2017,-0.11187062412500381
Guinea,2017,-1.0345466136932373
"Gambia, The",2017,-0.64640265703201294
Guinea-Bissau,2017,-1.7600557804107666
Equatorial Guinea,2017,-1.4383071660995483
Greece,2017,0.27414804697036743
Grenada,2017,-0.18749542534351349
Greenland,2017,0.84053581953048706
Guatemala,2017,-0.63915085792541504
French Guiana,2017,1.379737377166748
Guam,2017,0.28693649172782898
Guyana,2017,-0.29770085215568542
"Hong Kong SAR, China",2017,1.9053909778594971
Honduras,2017,-0.50835567712783813
Croatia,2017,0.60905694961547852
Haiti,2017,-2.0579755306243896
Hungary,2017,0.52788704633712769
Indonesia,2017,0.03837566077709198
India,2017,0.08687146008014679
Ireland,2017,1.3061345815658569
"Iran, Islamic Rep.",2017,-0.19609382748603821
Iraq,2017,-1.2610613107681274
Iceland,2017,1.4531822204589844
Israel,2017,1.3882739543914795
Italy,2017,0.52781897783279419
Jamaica,2017,0.47233137488365173
Jordan,2017,0.093569636344909668
Japan,2017,1.6199045181274414
Kazakhstan,2017,0.0036756754852831364
Kenya,2017,-0.31951528787612915
Kyrgyz Republic,2017,-0.70850569009780884
Cambodia,2017,-0.65963101387023926
Kiribati,2017,-0.26759716868400574
St. Kitts and Nevis,2017,0.32584157586097717
"Korea, Rep.",2017,1.0751075744628906
Kuwait,2017,-0.17520135641098022
Lao PDR,2017,-0.38549125194549561
Lebanon,2017,-0.51593929529190063
Liberia,2017,-1.3348227739334106
Libya,2017,-1.7737622261047363
St. Lucia,2017,0.23609639704227448
Liechtenstein,2017,1.7677717208862305
Sri Lanka,2017,-0.1512184739112854
Lesotho,2017,-0.8511040210723877
Lithuania,2017,0.96759635210037231
Luxembourg,2017,1.6859672069549561
Latvia,2017,0.90600579977035522
Kosovo,2017,-0.39904323220252991
"Macao SAR, China",2017,1.3834044933319092
Morocco,2017,-0.19324889779090881
Monaco,2017,NA
Moldova,2017,-0.52493894100189209
Madagascar,2017,-1.1357969045639038
Maldives,2017,-0.46040818095207214
Mexico,2017,0.051024075597524643
Marshall Islands,2017,-1.5300980806350708
North Macedonia,2017,0.14450758695602417
Mali,2017,-0.93374329805374146
Malta,2017,1.0066617727279663
Myanmar,2017,-1.0466245412826538
Mongolia,2017,-0.26755952835083008
Montenegro,2017,0.16725471615791321
Mozambique,2017,-0.88700860738754272
Mauritania,2017,-0.72478526830673218
Martinique,2017,1.1136188507080078
Mauritius,2017,0.92369925975799561
Malawi,2017,-0.65804868936538696
Malaysia,2017,0.83484172821044922
Namibia,2017,0.19560407102108002
Niger,2017,-0.70348244905471802
Nigeria,2017,-1.0108199119567871
Nicaragua,2017,-0.62721818685531616
Niue,2017,NA
Netherlands,2017,1.8549308776855469
Norway,2017,1.9862779378890991
Nepal,2017,-0.88365352153778076
Nauru,2017,-0.43318146467208862
New Zealand,2017,1.7690380811691284
Oman,2017,0.1945708692073822
Pakistan,2017,-0.59682804346084595
Panama,2017,0.015737172216176987
Palau,2017,-0.22806055843830109
Peru,2017,-0.13011209666728973
Philippines,2017,-0.054696876555681229
Papua New Guinea,2017,-0.66544830799102783
Poland,2017,0.56783342361450195
Puerto Rico,2017,-0.098871558904647827
"Korea, Dem. Rep.",2017,-1.6715288162231445
Portugal,2017,1.3331756591796875
Paraguay,2017,-0.80886286497116089
Qatar,2017,0.74258196353912354
Réunion,2017,1.1136188507080078
Romania,2017,-0.052434556186199188
Russian Federation,2017,-0.075678519904613495
Rwanda,2017,0.26213034987449646
Samoa,2017,0.59062057733535767
Saudi Arabia,2017,0.25894483923912048
Sudan,2017,-1.4295504093170166
Senegal,2017,-0.31820586323738098
Singapore,2017,2.2233383655548096
Solomon Islands,2017,-1.0111947059631348
Sierra Leone,2017,-1.1701562404632568
El Salvador,2017,-0.3216019868850708
San Marino,2017,NA
Somalia,2017,-2.2056729793548584
São Tomé and Principe,2017,-0.74873363971710205
Suriname,2017,-0.61616724729537964
Slovak Republic,2017,0.70370692014694214
Slovenia,2017,1.1731081008911133
Sweden,2017,1.7164372205734253
Eswatini,2017,-0.54257827997207642
Seychelles,2017,0.40838372707366943
Syrian Arab Republic,2017,-1.7696497440338135
Chad,2017,-1.4633293151855469
Togo,2017,-1.1221975088119507
Thailand,2017,0.38202229142189026
Tajikistan,2017,-1.1075471639633179
Turkmenistan,2017,-1.2146530151367188
Timor-Leste,2017,-0.99766671657562256
Tonga,2017,-0.22211067378520966
Trinidad and Tobago,2017,0.20875610411167145
Tunisia,2017,-0.098532631993293762
Turkey,2017,0.073263488709926605
Tuvalu,2017,-0.74607998132705688
"Taiwan, China",2017,1.2660989761352539
Tanzania,2017,-0.631797194480896
Uganda,2017,-0.57801246643066406
Ukraine,2017,-0.45710843801498413
Uruguay,2017,0.48950886726379395
United States,2017,1.5570180416107178
Uzbekistan,2017,-0.55417418479919434
St. Vincent and the Grenadines,2017,0.23609639704227448
"Venezuela, RB",2017,-1.4238790273666382
Virgin Islands (U.S.),2017,0.83805805444717407
Vietnam,2017,0.0056701358407735825
Vanuatu,2017,-0.89169049263000488
West Bank and Gaza,2017,-0.40074729919433594
"Jersey, Channel Islands",2017,1.265190601348877
"Yemen, Rep.",2017,-1.9090741872787476
Serbia,2017,0.11775421351194382
South Africa,2017,0.29085731506347656
"Congo, Dem. Rep.",2017,-1.6272239685058594
Zambia,2017,-0.62641900777816772
Zimbabwe,2017,-1.1822623014450073
Aruba,2018,1.0568121671676636
Andorra,2018,1.943917989730835
Afghanistan,2018,-1.4530960321426392
Angola,2018,-1.0450018644332886
Anguilla,2018,0.82841300964355469
Albania,2018,0.05723986029624939
Netherlands Antilles (former),2018,NA
United Arab Emirates,2018,1.4299309253692627
Argentina,2018,0.027268178761005402
Armenia,2018,-0.028414225205779076
American Samoa,2018,0.54953676462173462
Antigua and Barbuda,2018,-0.0082157077267765999
Australia,2018,1.5952321290969849
Austria,2018,1.4944162368774414
Azerbaijan,2018,-0.15805204212665558
Burundi,2018,-1.414781928062439
Belgium,2018,1.2618652582168579
Benin,2018,-0.56380224227905273
Burkina Faso,2018,-0.57784414291381836
Bangladesh,2018,-0.74024868011474609
Bulgaria,2018,0.20307014882564545
Bahrain,2018,0.17778071761131287
"Bahamas, The",2018,0.53726470470428467
Bosnia and Herzegovina,2018,-0.61502915620803833
Belarus,2018,-0.29514703154563904
Belize,2018,-0.59644061326980591
Bermuda,2018,1.3861654996871948
Bolivia,2018,-0.31784629821777344
Brazil,2018,-0.44977548718452454
Barbados,2018,0.42502138018608093
Brunei Darussalam,2018,1.2512490749359131
Bhutan,2018,0.36014723777770996
South Sudan,2018,-2.4290421009063721
Botswana,2018,0.33295315504074097
Central African Republic,2018,-1.7139239311218262
Canada,2018,1.7149159908294678
Switzerland,2018,2.038618803024292
Chile,2018,1.0754697322845459
China,2018,0.47927042841911316
Côte d'Ivoire,2018,-0.56826835870742798
Cameroon,2018,-0.7988625168800354
"Congo, Rep.",2018,-1.2110821008682251
Cook Islands,2018,NA
Colombia,2018,-0.086005240678787231
Comoros,2018,-1.6286096572875977
Cape Verde,2018,0.32098895311355591
Costa Rica,2018,0.37620678544044495
Cuba,2018,-0.24718455970287323
Cayman Islands,2018,1.2028722763061523
Cyprus,2018,0.91924166679382324
Czech Republic,2018,0.98870831727981567
Germany,2018,1.562705397605896
Djibouti,2018,-0.89537036418914795
Dominica,2018,-0.27763277292251587
Denmark,2018,1.8512630462646484
Dominican Republic,2018,-0.3971497118473053
Algeria,2018,-0.52737832069396973
Ecuador,2018,-0.26375412940979004
"Egypt, Arab Rep.",2018,-0.5800366997718811
Eritrea,2018,-1.7230374813079834
Spain,2018,1.0049388408660889
Estonia,2018,1.1904369592666626
Ethiopia,2018,-0.61048507690429688
Finland,2018,2.0552585124969482
Fiji,2018,0.28503525257110596
France,2018,1.4586583375930786
"Micronesia, Fed. Sts.",2018,-0.10600186139345169
Gabon,2018,-0.80943489074707031
United Kingdom,2018,1.3989059925079346
Georgia,2018,0.61177104711532593
Ghana,2018,-0.20854085683822632
Guinea,2018,-0.96931558847427368
"Gambia, The",2018,-0.61986589431762695
Guinea-Bissau,2018,-1.4732657670974731
Equatorial Guinea,2018,-1.4556100368499756
Greece,2018,0.29079732298851013
Grenada,2018,-0.23645493388175964
Greenland,2018,0.83637338876724243
Guatemala,2018,-0.68021494150161743
French Guiana,2018,1.3964828252792358
Guam,2018,0.27066054940223694
Guyana,2018,-0.2614503800868988
"Hong Kong SAR, China",2018,1.9025250673294067
Honduras,2018,-0.61858081817626953
Croatia,2018,0.50739169120788574
Haiti,2018,-1.9050545692443848
Hungary,2018,0.49005761742591858
Indonesia,2018,0.18058283627033234
India,2018,0.28425386548042297
Ireland,2018,1.416743278503418
"Iran, Islamic Rep.",2018,-0.43267315626144409
Iraq,2018,-1.3095096349716187
Iceland,2018,1.4643149375915527
Israel,2018,1.2067158222198486
Italy,2018,0.44157233834266663
Jamaica,2018,0.50390458106994629
Jordan,2018,0.1149040162563324
Japan,2018,1.6746013164520264
Kazakhstan,2018,0.021726105362176895
Kenya,2018,-0.4115028977394104
Kyrgyz Republic,2018,-0.60726064443588257
Cambodia,2018,-0.56026619672775269
Kiribati,2018,-0.24699592590332031
St. Kitts and Nevis,2018,0.54953676462173462
"Korea, Rep.",2018,1.1811585426330566
Kuwait,2018,-0.090060196816921234
Lao PDR,2018,-0.66940683126449585
Lebanon,2018,-0.71814435720443726
Liberia,2018,-1.335570216178894
Libya,2018,-1.8503268957138062
St. Lucia,2018,0.21445111930370331
Liechtenstein,2018,1.7378578186035156
Sri Lanka,2018,-0.23243395984172821
Lesotho,2018,-0.85776203870773315
Lithuania,2018,1.070826530456543
Luxembourg,2018,1.777065634727478
Latvia,2018,1.0418634414672852
Kosovo,2018,-0.42391777038574219
"Macao SAR, China",2018,1.2028722763061523
Morocco,2018,-0.21063680946826935
Monaco,2018,NA
Moldova,2018,-0.46687424182891846
Madagascar,2018,-1.1501321792602539
Maldives,2018,-0.46910041570663452
Mexico,2018,-0.15762187540531158
Marshall Islands,2018,-1.485736608505249
North Macedonia,2018,0.19819122552871704
Mali,2018,-1.0031721591949463
Malta,2018,0.96716368198394775
Myanmar,2018,-1.0653926134109497
Mongolia,2018,-0.22922885417938232
Montenegro,2018,0.13269510865211487
Mozambique,2018,-0.87531697750091553
Mauritania,2018,-0.72685527801513672
Martinique,2018,1.10728919506073
Mauritius,2018,0.87303698062896729
Malawi,2018,-0.72729289531707764
Malaysia,2018,1.0750257968902588
Namibia,2018,0.088644064962863922
Niger,2018,-0.76298040151596069
Nigeria,2018,-1.0181257724761963
Nicaragua,2018,-0.80297929048538208
Niue,2018,NA
Netherlands,2018,1.850401759147644
Norway,2018,1.8860276937484741
Nepal,2018,-0.89824259281158447
Nauru,2018,-0.078991815447807312
New Zealand,2018,1.6690319776535034
Oman,2018,0.18448543548583984
Pakistan,2018,-0.63111144304275513
Panama,2018,-0.016153467819094658
Palau,2018,-0.014333916828036308
Peru,2018,-0.24689954519271851
Philippines,2018,0.053193125873804092
Papua New Guinea,2018,-0.67046517133712769
Poland,2018,0.56298476457595825
Puerto Rico,2018,-0.15921899676322937
"Korea, Dem. Rep.",2018,-1.57588791847229
Portugal,2018,1.2185449600219727
Paraguay,2018,-0.51972150802612305
Qatar,2018,0.62940531969070435
Réunion,2018,1.10728919506073
Romania,2018,-0.13302980363368988
Russian Federation,2018,-4.4191867345944047e-05
Rwanda,2018,0.20577381551265717
Samoa,2018,0.59192836284637451
Saudi Arabia,2018,0.32148605585098267
Sudan,2018,-1.6119792461395264
Senegal,2018,-0.26632785797119141
Singapore,2018,2.2305853366851807
Solomon Islands,2018,-1.0184577703475952
Sierra Leone,2018,-1.1434273719787598
El Salvador,2018,-0.44772899150848389
San Marino,2018,NA
Somalia,2018,-2.185711145401001
São Tomé and Principe,2018,-0.63358050584793091
Suriname,2018,-0.65789204835891724
Slovak Republic,2018,0.61731070280075073
Slovenia,2018,1.1242660284042358
Sweden,2018,1.7113102674484253
Eswatini,2018,-0.67006856203079224
Seychelles,2018,0.50301271677017212
Syrian Arab Republic,2018,-1.6743553876876831
Chad,2018,-1.5242786407470703
Togo,2018,-1.052646279335022
Thailand,2018,0.34788006544113159
Tajikistan,2018,-1.0937174558639526
Turkmenistan,2018,-1.282504677772522
Timor-Leste,2018,-0.96605676412582397
Tonga,2018,0.15032631158828735
Trinidad and Tobago,2018,0.19421154260635376
Tunisia,2018,-0.10309102386236191
Turkey,2018,0.0062522869557142258
Tuvalu,2018,-0.66434210538864136
"Taiwan, China",2018,1.3609304428100586
Tanzania,2018,-0.75375616550445557
Uganda,2018,-0.60443627834320068
Ukraine,2018,-0.4136669933795929
Uruguay,2018,0.55537617206573486
United States,2018,1.5757241249084473
Uzbekistan,2018,-0.5473400354385376
St. Vincent and the Grenadines,2018,0.21445111930370331
"Venezuela, RB",2018,-1.5846511125564575
Virgin Islands (U.S.),2018,0.82841300964355469
Vietnam,2018,-0.0013799166772514582
Vanuatu,2018,-0.47836261987686157
West Bank and Gaza,2018,-0.76354074478149414
"Jersey, Channel Islands",2018,1.2584903240203857
"Yemen, Rep.",2018,-2.2304432392120361
Serbia,2018,0.12127762287855148
South Africa,2018,0.3326285183429718
"Congo, Dem. Rep.",2018,-1.5521243810653687
Zambia,2018,-0.55707186460494995
Zimbabwe,2018,-1.1982102394104004
Aruba,2019,1.0296218395233154
Andorra,2019,1.9083889722824097
Afghanistan,2019,-1.4630650281906128
Angola,2019,-1.1175398826599121
Anguilla,2019,0.81552475690841675
Albania,2019,-0.062213201075792313
Netherlands Antilles (former),2019,NA
United Arab Emirates,2019,1.3768906593322754
Argentina,2019,-0.086998365819454193
Armenia,2019,-0.066646300256252289
American Samoa,2019,0.5423087477684021
Antigua and Barbuda,2019,-0.0041233780793845654
Australia,2019,1.5715552568435669
Austria,2019,1.5277369022369385
Azerbaijan,2019,-0.14017026126384735
Burundi,2019,-1.3264447450637817
Belgium,2019,1.1481317281723022
Benin,2019,-0.4411182701587677
Burkina Faso,2019,-0.75875735282897949
Bangladesh,2019,-0.74028491973876953
Bulgaria,2019,0.26338973641395569
Bahrain,2019,0.29849055409431458
"Bahamas, The",2019,0.48581546545028687
Bosnia and Herzegovina,2019,-0.63447421789169312
Belarus,2019,-0.18435324728488922
Belize,2019,-0.67762660980224609
Bermuda,2019,1.3619569540023804
Bolivia,2019,-0.69932210445404053
Brazil,2019,-0.186902716755867
Barbados,2019,0.63113617897033691
Brunei Darussalam,2019,1.3179819583892822
Bhutan,2019,0.31243914365768433
South Sudan,2019,-2.4519462585449219
Botswana,2019,0.42825746536254883
Central African Republic,2019,-1.7469326257705688
Canada,2019,1.7312934398651123
Switzerland,2019,1.9517581462860107
Chile,2019,1.0602893829345703
China,2019,0.51700061559677124
Côte d'Ivoire,2019,-0.48278349637985229
Cameroon,2019,-0.8121258020401001
"Congo, Rep.",2019,-1.387316107749939
Cook Islands,2019,NA
Colombia,2019,0.070711903274059296
Comoros,2019,-1.6692506074905396
Cape Verde,2019,0.29209700226783752
Costa Rica,2019,0.4225594699382782
Cuba,2019,-0.17278853058815002
Cayman Islands,2019,1.1690748929977417
Cyprus,2019,0.99218153953552246
Czech Republic,2019,0.95532739162445068
Germany,2019,1.5311622619628906
Djibouti,2019,-0.71340888738632202
Dominica,2019,-0.26233351230621338
Denmark,2019,1.9102110862731934
Dominican Republic,2019,-0.35809096693992615
Algeria,2019,-0.51639986038208008
Ecuador,2019,-0.39961010217666626
"Egypt, Arab Rep.",2019,-0.42440611124038696
Eritrea,2019,-1.7570768594741821
Spain,2019,1.0011752843856812
Estonia,2019,1.1744275093078613
Ethiopia,2019,-0.6343807578086853
Finland,2019,2.006594181060791
Fiji,2019,0.19961780309677124
France,2019,1.3721402883529663
"Micronesia, Fed. Sts.",2019,-0.19267821311950684
Gabon,2019,-0.89782404899597168
United Kingdom,2019,1.48273766040802
Georgia,2019,0.82873988151550293
Ghana,2019,-0.21064327657222748
Guinea,2019,-0.77896672487258911
"Gambia, The",2019,-0.63110470771789551
Guinea-Bissau,2019,-1.515093207359314
Equatorial Guinea,2019,-1.3432000875473022
Greece,2019,0.34902435541152954
Grenada,2019,-0.13742810487747192
Greenland,2019,0.81349891424179077
Guatemala,2019,-0.67697829008102417
French Guiana,2019,1.387042760848999
Guam,2019,0.26909267902374268
Guyana,2019,-0.386811763048172
"Hong Kong SAR, China",2019,1.7407464981079102
Honduras,2019,-0.6119987964630127
Croatia,2019,0.45921248197555542
Haiti,2019,-2.0149095058441162
Hungary,2019,0.49605315923690796
Indonesia,2019,0.18205122649669647
India,2019,0.17088094353675842
Ireland,2019,1.291791558265686
"Iran, Islamic Rep.",2019,-0.55372565984725952
Iraq,2019,-1.3366426229476929
Iceland,2019,1.5179398059844971
Israel,2019,1.3253247737884521
Italy,2019,0.48317438364028931
Jamaica,2019,0.49398410320281982
Jordan,2019,0.098672010004520416
Japan,2019,1.5863221883773804
Kazakhstan,2019,0.12409621477127075
Kenya,2019,-0.38339018821716309
Kyrgyz Republic,2019,-0.68162018060684204
Cambodia,2019,-0.58004999160766602
Kiribati,2019,-0.23881860077381134
St. Kitts and Nevis,2019,0.5423087477684021
"Korea, Rep.",2019,1.3760876655578613
Kuwait,2019,0.018212368711829185
Lao PDR,2019,-0.78534281253814697
Lebanon,2019,-0.83345180749893188
Liberia,2019,-1.3749426603317261
Libya,2019,-1.9222908020019531
St. Lucia,2019,0.22268256545066833
Liechtenstein,2019,1.6964185237884521
Sri Lanka,2019,-0.11433926969766617
Lesotho,2019,-0.83264815807342529
Lithuania,2019,1.0430692434310913
Luxembourg,2019,1.7332957983016968
Latvia,2019,1.1047132015228271
Kosovo,2019,-0.34989666938781738
"Macao SAR, China",2019,1.1690748929977417
Morocco,2019,-0.11948017030954361
Monaco,2019,NA
Moldova,2019,-0.38375294208526611
Madagascar,2019,-1.1426148414611816
Maldives,2019,-0.19618022441864014
Mexico,2019,-0.15678699314594269
Marshall Islands,2019,-1.4719386100769043
North Macedonia,2019,-0.0026639504358172417
Mali,2019,-1.0561151504516602
Malta,2019,0.85811859369277954
Myanmar,2019,-1.1494399309158325
Mongolia,2019,-0.19543415307998657
Montenegro,2019,0.15544287860393524
Mozambique,2019,-0.82304829359054565
Mauritania,2019,-0.49837908148765564
Martinique,2019,1.0887408256530762
Mauritius,2019,0.8703991174697876
Malawi,2019,-0.74969881772994995
Malaysia,2019,0.99746757745742798
Namibia,2019,0.095915310084819794
Niger,2019,-0.80125319957733154
Nigeria,2019,-1.0888626575469971
Nicaragua,2019,-0.77085143327713013
Niue,2019,NA
Netherlands,2019,1.8032723665237427
Norway,2019,1.8619345426559448
Nepal,2019,-1.0455212593078613
Nauru,2019,-0.12972715497016907
New Zealand,2019,1.6705572605133057
Oman,2019,0.25904110074043274
Pakistan,2019,-0.67713558673858643
Panama,2019,0.064511820673942566
Palau,2019,-0.045673519372940063
Peru,2019,-0.067870549857616425
Philippines,2019,0.052008401602506638
Papua New Guinea,2019,-0.80917483568191528
Poland,2019,0.53480100631713867
Puerto Rico,2019,-0.16451841592788696
"Korea, Dem. Rep.",2019,-1.3969647884368896
Portugal,2019,1.1686815023422241
Paraguay,2019,-0.53434425592422485
Qatar,2019,0.70491379499435425
Réunion,2019,1.0887408256530762
Romania,2019,-0.16217932105064392
Russian Federation,2019,0.15018060803413391
Rwanda,2019,0.18456810712814331
Samoa,2019,0.43515413999557495
Saudi Arabia,2019,0.30617403984069824
Sudan,2019,-1.6220585107803345
Senegal,2019,-0.058101300150156021
Singapore,2019,2.2207090854644775
Solomon Islands,2019,-0.99931615591049194
Sierra Leone,2019,-1.1260635852813721
El Salvador,2019,-0.46541833877563477
San Marino,2019,NA
Somalia,2019,-2.23642897605896
São Tomé and Principe,2019,-0.62770187854766846
Suriname,2019,-0.59028255939483643
Slovak Republic,2019,0.58522641658782959
Slovenia,2019,1.0810906887054443
Sweden,2019,1.7092572450637817
Eswatini,2019,-0.67894864082336426
Seychelles,2019,0.51690196990966797
Syrian Arab Republic,2019,-1.7114384174346924
Chad,2019,-1.5684139728546143
Togo,2019,-0.91736841201782227
Thailand,2019,0.35656705498695374
Tajikistan,2019,-1.0487505197525024
Turkmenistan,2019,-1.1574970483779907
Timor-Leste,2019,-0.88585448265075684
Tonga,2019,0.16069087386131287
Trinidad and Tobago,2019,0.09917035698890686
Tunisia,2019,-0.10294915735721588
Turkey,2019,0.04788932204246521
Tuvalu,2019,-0.64885008335113525
"Taiwan, China",2019,1.4364200830459595
Tanzania,2019,-0.87934422492980957
Uganda,2019,-0.58546578884124756
Ukraine,2019,-0.297046959400177
Uruguay,2019,0.69498032331466675
United States,2019,1.4888451099395752
Uzbekistan,2019,-0.51412671804428101
St. Vincent and the Grenadines,2019,0.22268256545066833
"Venezuela, RB",2019,-1.6584689617156982
Virgin Islands (U.S.),2019,0.81552475690841675
Vietnam,2019,0.038309685885906219
Vanuatu,2019,-0.54763805866241455
West Bank and Gaza,2019,-0.7442973256111145
"Jersey, Channel Islands",2019,1.2371828556060791
"Yemen, Rep.",2019,-2.2792556285858154
Serbia,2019,0.048476152122020721
South Africa,2019,0.36765611171722412
"Congo, Dem. Rep.",2019,-1.6269195079803467
Zambia,2019,-0.6755785346031189
Zimbabwe,2019,-1.2048203945159912
